,WORD,WORD_ID,PART,TRIAL,TRIAL_FIXATION_COUNT,TRIAL_TOTAL_READING_TIME,WORD_ID_WITHIN_TRIAL,WORD_AVERAGE_FIX_PUPIL_SIZE,WORD_FIXATION_COUNT,WORD_FIXATION_%,WORD_RUN_COUNT,WORD_FIRST_RUN_START_TIME,WORD_FIRST_RUN_END_TIME,WORD_FIRST_RUN_FIXATION_COUNT,WORD_FIRST_RUN_FIXATION_%,WORD_GAZE_DURATION,WORD_SECOND_RUN_START_TIME,WORD_SECOND_RUN_END_TIME,WORD_SECOND_RUN_FIXATION_COUNT,WORD_SECOND_RUN_FIXATION_%,WORD_THIRD_RUN_START_TIME,WORD_THIRD_RUN_END_TIME,WORD_THIRD_RUN_FIXATION_COUNT,WORD_THIRD_RUN_FIXATION_%,WORD_FIRST_FIXATION_DURATION,WORD_FIRST_FIXATION_INDEX,WORD_FIRST_FIXATION_RUN_INDEX,WORD_FIRST_FIXATION_TIME,WORD_FIRST_FIXATION_VISITED_WORD_COUNT,WORD_FIRST_FIXATION_X,WORD_FIRST_FIXATION_Y,WORD_FIRST_FIX_PROGRESSIVE,WORD_SECOND_FIXATION_DURATION,WORD_SECOND_FIXATION_RUN,WORD_SECOND_FIXATION_TIME,WORD_SECOND_FIXATION_X,WORD_SECOND_FIXATION_Y,WORD_THIRD_FIXATION_DURATION,WORD_THIRD_FIXATION_RUN,WORD_THIRD_FIXATION_TIME,WORD_THIRD_FIXATION_X,WORD_THIRD_FIXATION_Y,WORD_LAST_FIXATION_DURATION,WORD_LAST_FIXATION_RUN,WORD_LAST_FIXATION_TIME,WORD_LAST_FIXATION_X,WORD_LAST_FIXATION_Y,WORD_GO_PAST_TIME,WORD_SELECTIVE_GO_PAST_TIME,WORD_TOTAL_READING_TIME,WORD_TOTAL_READING_TIME_%,WORD_SPILLOVER,WORD_SKIP
1177,hands,1-19-4,1.0,19.0,93.14285714285714,19808.928571428572,4.0,2016.642857142857,1.1428571428571428,0.012864285714285715,1.0714285714285714,1154.357142857143,1386.2857142857142,1.0714285714285714,0.012092857142857141,230.28571428571428,85.42857142857143,103.71428571428571,0.07142857142857142,0.0007785714285714286,0.0,0.0,0.0,0.0,218.42857142857142,5.5,5.142857142857143,1154.357142857143,3.5,302.1357142857143,110.58571428571429,0.8571428571428571,30.142857142857142,0.21428571428571427,129.5,42.75,18.042857142857144,0.0,0.0,0.0,0.0,0.0,214.14285714285714,1.0714285714285714,1225.7142857142858,298.31428571428575,110.69285714285715,297.2857142857143,248.57142857142858,248.57142857142858,0.013264285714285716,73.92857142857143,0.14285714285714285
1939,place,1-27-60,1.0,27.0,72.71428571428571,15072.714285714286,60.0,1453.5,1.0,0.013407142857142859,0.9285714285714286,11295.92857142857,11490.857142857143,0.8571428571428571,0.011585714285714284,193.5,2562.0,2583.285714285714,0.14285714285714285,0.0018285714285714283,0.0,0.0,0.0,0.0,182.0,47.07142857142857,38.214285714285715,11295.92857142857,30.214285714285715,463.6285714285715,294.83571428571435,0.7142857142857143,32.785714285714285,0.35714285714285715,3909.0,130.57142857142858,80.72857142857143,0.0,0.0,0.0,0.0,0.0,159.85714285714286,0.9285714285714286,11577.285714285714,468.39285714285717,295.10714285714283,297.2857142857143,212.07142857142858,214.78571428571428,0.013971428571428569,96.0,0.2857142857142857
4205,place,1-53-20,1.0,53.0,84.78571428571429,18340.64285714286,20.0,1362.7142857142858,0.9285714285714286,0.010221428571428572,0.9285714285714286,2736.1428571428573,2858.785714285714,0.6428571428571429,0.007107142857142858,122.64285714285714,1449.2142857142858,1507.5,0.2857142857142857,0.003107142857142857,0.0,0.0,0.0,0.0,122.64285714285714,10.214285714285714,8.857142857142858,2736.1428571428573,7.142857142857143,117.25,108.92142857142859,0.5,58.285714285714285,0.5714285714285714,1449.2142857142858,49.42142857142858,50.521428571428565,0.0,0.0,0.0,0.0,0.0,122.5,0.9285714285714286,3426.4285714285716,116.49285714285715,113.23571428571428,216.21428571428572,147.35714285714286,180.92857142857142,0.0092,9.857142857142858,0.5
4253,place.,1-53-68,1.0,53.0,84.78571428571429,18340.64285714286,68.0,1174.5357142857142,0.5714285714285714,0.007085714285714286,0.5714285714285714,8137.357142857143,8215.285714285714,0.5,0.005971428571428572,77.92857142857143,845.0,859.5,0.07142857142857142,0.0011142857142857141,0.0,0.0,0.0,0.0,77.92857142857143,30.714285714285715,26.214285714285715,8137.357142857143,21.0,221.9357142857143,189.17142857142858,0.42857142857142855,14.5,0.14285714285714285,845.0,30.135714285714283,28.407142857142855,0.0,0.0,0.0,0.0,0.0,78.71428571428571,0.5714285714285714,8280.285714285714,221.66428571428574,193.20000000000002,173.64285714285714,77.92857142857143,92.42857142857143,0.005857142857142858,19.5,0.5714285714285714
4371,part.,1-54-91,1.0,54.0,89.21428571428571,20052.928571428572,91.0,834.0714285714286,0.5714285714285714,0.0071428571428571435,0.42857142857142855,8764.42857142857,8888.07142857143,0.5714285714285714,0.0071428571428571435,121.21428571428571,0.0,0.0,0.0,0.0,0.0,0.0,0.0,0.0,84.5,35.357142857142854,30.571428571428573,8764.42857142857,25.357142857142858,176.57857142857145,213.47857142857146,0.42857142857142855,36.714285714285715,0.14285714285714285,2924.3571428571427,60.199999999999996,69.80714285714285,0.0,0.0,0.0,0.0,0.0,90.57142857142857,0.42857142857142855,8797.5,178.37857142857143,213.35714285714286,404.64285714285717,121.21428571428571,121.21428571428571,0.0062499999999999995,0.0,0.5714285714285714
5546,sight,1-67-3,1.0,67.0,90.64285714285714,19105.285714285714,3.0,1570.3214285714287,0.8571428571428571,0.009614285714285714,0.8571428571428571,609.9285714285714,772.7142857142857,0.7142857142857143,0.008135714285714286,162.78571428571428,260.42857142857144,299.35714285714283,0.14285714285714285,0.0014785714285714285,0.0,0.0,0.0,0.0,162.78571428571428,3.0,2.5714285714285716,609.9285714285714,1.3571428571428572,186.18571428571425,73.47142857142856,0.5,38.92857142857143,0.2857142857142857,260.42857142857144,38.92142857142858,15.221428571428573,0.0,0.0,0.0,0.0,0.0,173.92857142857142,0.8571428571428571,800.7857142857143,189.0642857142857,74.68571428571428,195.57142857142858,183.28571428571428,201.71428571428572,0.010735714285714288,11.785714285714286,0.5
8337,place,1-97-77,1.0,97.0,79.21428571428571,15862.285714285714,77.0,942.7142857142857,0.5,0.006857142857142858,0.5,8279.07142857143,8380.142857142857,0.5,0.006857142857142858,101.07142857142857,0.0,0.0,0.0,0.0,0.0,0.0,0.0,0.0,101.07142857142857,34.0,28.785714285714285,8279.07142857143,22.857142857142858,380.2642857142857,224.02857142857144,0.42857142857142855,0.0,0.0,0.0,0.0,0.0,0.0,0.0,0.0,0.0,0.0,101.07142857142857,0.5,8279.07142857143,380.2642857142857,224.02857142857144,101.07142857142857,101.07142857142857,101.07142857142857,0.007242857142857142,39.285714285714285,0.5714285714285714
8471,trouble,1-99-31,1.0,99.0,86.71428571428571,17465.35714285714,31.0,969.75,0.6428571428571429,0.007671428571428571,0.6428571428571429,2974.785714285714,3063.785714285714,0.5714285714285714,0.006978571428571429,89.0,547.2857142857143,556.5,0.07142857142857142,0.0006928571428571428,0.0,0.0,0.0,0.0,89.0,12.857142857142858,11.285714285714286,2974.785714285714,9.428571428571429,469.5642857142857,103.84285714285716,0.5714285714285714,9.214285714285714,0.14285714285714285,547.2857142857143,56.357142857142854,13.171428571428573,0.0,0.0,0.0,0.0,0.0,93.35714285714286,0.6428571428571429,3025.5714285714284,466.99999999999994,104.60000000000001,137.21428571428572,98.21428571428571,98.21428571428571,0.005928571428571429,93.64285714285714,0.42857142857142855
8796,time,1-103-20,1.0,103.0,77.64285714285714,16097.92857142857,20.0,1628.642857142857,0.6428571428571429,0.008228571428571429,0.6428571428571429,1952.2857142857142,2076.3571428571427,0.6428571428571429,0.008228571428571429,124.07142857142857,0.0,0.0,0.0,0.0,0.0,0.0,0.0,0.0,124.07142857142857,8.785714285714286,7.571428571428571,1952.2857142857142,6.214285714285714,219.20714285714286,111.80714285714285,0.5,0.0,0.0,0.0,0.0,0.0,0.0,0.0,0.0,0.0,0.0,124.07142857142857,0.6428571428571429,1952.2857142857142,219.20714285714286,111.80714285714285,183.78571428571428,124.07142857142857,124.07142857142857,0.00842142857142857,0.0,0.5
9086,back,1-106-15,1.0,106.0,85.71428571428571,18279.85714285714,15.0,607.8392857142857,0.5714285714285714,0.006150000000000001,0.42857142857142855,1102.5714285714287,1172.4285714285713,0.42857142857142855,0.0048142857142857145,68.78571428571429,426.92857142857144,450.64285714285717,0.14285714285714285,0.0013357142857142858,0.0,0.0,0.0,0.0,57.857142857142854,5.142857142857143,4.5,1102.5714285714287,3.2857142857142856,297.0571428571429,38.39999999999999,0.21428571428571427,10.928571428571429,0.07142857142857142,329.2857142857143,60.94285714285714,8.185714285714285,12.5,0.14285714285714285,426.92857142857144,58.66428571428571,8.578571428571427,48.857142857142854,0.42857142857142855,1234.0,298.87142857142857,38.51428571428572,77.92857142857143,68.78571428571429,91.35714285714286,0.004535714285714286,33.285714285714285,0.7857142857142857
9194,"time,",1-107-33,1.0,107.0,80.78571428571429,17302.571428571428,33.0,1678.7264285714284,1.2857142857142858,0.01535,1.1428571428571428,5360.5,5587.642857142857,1.0,0.012471428571428573,224.85714285714286,1048.4285714285713,1087.7142857142858,0.14285714285714285,0.0015071428571428573,624.9285714285714,627.9285714285714,0.07142857142857142,0.0006785714285714286,197.14285714285714,21.571428571428573,18.285714285714285,5360.5,15.857142857142858,201.02857142857144,203.64285714285714,0.7142857142857143,49.142857142857146,0.35714285714285715,1556.2142857142858,50.964285714285715,50.31428571428571,20.857142857142858,0.2857142857142857,1144.0,38.121428571428574,34.27142857142857,183.71428571428572,1.1428571428571428,5585.785714285715,205.59285714285718,204.16428571428574,262.57142857142856,224.85714285714286,274.7857142857143,0.015207142857142858,52.57142857142857,0.2857142857142857
14427,effect,1-159-104,1.0,159.0,87.35714285714286,17918.85714285714,104.0,1256.4642857142858,0.8571428571428571,0.010014285714285715,0.8571428571428571,15169.357142857143,15365.714285714286,0.7857142857142857,0.009121428571428572,196.35714285714286,1097.4285714285713,1102.142857142857,0.07142857142857142,0.0008928571428571429,0.0,0.0,0.0,0.0,196.35714285714286,61.142857142857146,56.0,15169.357142857143,48.357142857142854,271.82142857142856,451.62857142857143,0.6428571428571429,4.714285714285714,0.14285714285714285,1097.4285714285713,23.157142857142855,41.59285714285714,0.0,0.0,0.0,0.0,0.0,189.71428571428572,0.8571428571428571,15214.714285714286,269.3357142857143,451.7,226.0,201.07142857142858,201.07142857142858,0.010964285714285715,63.5,0.35714285714285715
15387,back,2-11-20,2.0,11.0,102.21428571428571,21255.85714285714,20.0,1442.75,0.7142857142857143,0.00675,0.7142857142857143,3185.9285714285716,3353.285714285714,0.6428571428571429,0.00615,167.35714285714286,515.4285714285714,526.7857142857143,0.07142857142857142,0.0005928571428571429,0.0,0.0,0.0,0.0,167.35714285714286,12.857142857142858,11.571428571428571,3185.9285714285716,8.785714285714286,236.78571428571425,114.60714285714286,0.5714285714285714,11.357142857142858,0.14285714285714285,515.4285714285714,27.285714285714285,13.1,0.0,0.0,0.0,0.0,0.0,151.28571428571428,0.7142857142857143,3243.8571428571427,238.15714285714284,114.04285714285713,167.35714285714286,167.35714285714286,178.71428571428572,0.008164285714285716,0.0,0.42857142857142855
16699,place,2-24-54,2.0,24.0,69.64285714285714,14401.92857142857,54.0,1208.9285714285713,0.7857142857142857,0.011128571428571429,0.6428571428571429,6638.642857142857,6805.785714285715,0.7857142857142857,0.011128571428571429,152.07142857142858,0.0,0.0,0.0,0.0,0.0,0.0,0.0,0.0,125.07142857142857,28.571428571428573,26.071428571428573,6638.642857142857,21.428571428571427,364.7642857142857,203.65,0.5714285714285714,12.5,0.07142857142857142,956.0,40.714285714285715,22.214285714285715,14.5,0.07142857142857142,970.2857142857143,38.0,21.678571428571427,134.28571428571428,0.6428571428571429,6671.5,360.85714285714283,202.65714285714287,180.71428571428572,152.07142857142858,152.07142857142858,0.011057142857142859,60.857142857142854,0.42857142857142855
18437,"place,",2-42-112,2.0,42.0,98.71428571428571,19985.285714285714,112.0,1171.642857142857,0.7142857142857143,0.0076357142857142865,0.7142857142857143,14977.92857142857,15141.714285714286,0.7142857142857143,0.0076357142857142865,163.78571428571428,0.0,0.0,0.0,0.0,0.0,0.0,0.0,0.0,163.78571428571428,63.142857142857146,55.0,14977.92857142857,48.357142857142854,514.6214285714285,414.4714285714286,0.6428571428571429,0.0,0.0,0.0,0.0,0.0,0.0,0.0,0.0,0.0,0.0,163.78571428571428,0.7142857142857143,14977.92857142857,514.6214285714285,414.4714285714286,183.57142857142858,163.78571428571428,163.78571428571428,0.008992857142857144,32.57142857142857,0.35714285714285715
18573,hands,2-44-29,2.0,44.0,83.07142857142857,17101.35714285714,29.0,1597.0714285714287,0.8571428571428571,0.010907142857142857,0.7857142857142857,5104.642857142857,5307.5,0.8571428571428571,0.010907142857142857,199.71428571428572,0.0,0.0,0.0,0.0,0.0,0.0,0.0,0.0,189.71428571428572,21.928571428571427,19.642857142857142,5104.642857142857,15.142857142857142,97.94285714285716,192.60714285714286,0.14285714285714285,10.0,0.07142857142857142,308.57142857142856,5.271428571428571,17.95714285714286,0.0,0.0,0.0,0.0,0.0,195.42857142857142,0.7857142857142857,5112.071428571428,93.38571428571429,192.75714285714284,199.71428571428572,199.71428571428572,199.71428571428572,0.011964285714285714,15.071428571428571,0.8571428571428571
28743,place,2-151-59,2.0,151.0,68.92857142857143,14702.214285714286,59.0,1449.357142857143,1.0,0.013714285714285717,0.8571428571428571,10082.57142857143,10292.0,0.9285714285714286,0.013071428571428572,206.35714285714286,1495.7142857142858,1503.642857142857,0.07142857142857142,0.0006428571428571428,0.0,0.0,0.0,0.0,178.35714285714286,39.142857142857146,33.357142857142854,10082.57142857143,28.214285714285715,129.67857142857142,288.4857142857143,0.6428571428571429,28.0,0.14285714285714285,2156.0714285714284,21.22142857142857,53.0,7.928571428571429,0.14285714285714285,1495.7142857142858,11.65,27.692857142857143,168.92857142857142,0.8571428571428571,10656.214285714286,128.82142857142856,289.7785714285714,233.07142857142858,206.35714285714286,214.28571428571428,0.013642857142857142,96.14285714285714,0.35714285714285715
31190,attention,3-17-70,3.0,17.0,78.0,15218.615384615385,70.0,1493.1153846153845,0.9230769230769231,0.012384615384615385,0.8461538461538461,11497.23076923077,11653.692307692309,0.9230769230769231,0.012384615384615385,154.3846153846154,0.0,0.0,0.0,0.0,0.0,0.0,0.0,0.0,148.30769230769232,48.0,42.84615384615385,11497.23076923077,36.84615384615385,397.9307692307692,378.4769230769231,0.6923076923076923,6.076923076923077,0.07692307692307693,796.3076923076923,39.56153846153846,33.26923076923077,0.0,0.0,0.0,0.0,0.0,141.92307692307693,0.8461538461538461,11511.76923076923,404.63846153846157,378.4769230769231,181.30769230769232,154.3846153846154,154.3846153846154,0.010507692307692308,18.53846153846154,0.3076923076923077
32230,place,3-28-55,3.0,28.0,84.57142857142857,17601.214285714286,55.0,1394.1664285714287,0.9285714285714286,0.010735714285714288,0.9285714285714286,9733.42857142857,9882.07142857143,0.7857142857142857,0.009471428571428572,148.64285714285714,1261.9285714285713,1283.4285714285713,0.07142857142857142,0.0006285714285714286,1585.2142857142858,1599.0,0.07142857142857142,0.0006285714285714286,148.64285714285714,38.92857142857143,33.214285714285715,9733.42857142857,26.642857142857142,218.77857142857144,296.2,0.7857142857142857,21.5,0.14285714285714285,1261.9285714285713,18.849999999999998,27.885714285714283,13.785714285714286,0.21428571428571427,1585.2142857142858,18.67142857142857,27.442857142857143,149.64285714285714,0.9285714285714286,10102.714285714286,217.42142857142858,295.9785714285714,211.14285714285714,170.14285714285714,183.92857142857142,0.01017142857142857,18.428571428571427,0.21428571428571427
34119,place,3-49-13,3.0,49.0,78.28571428571429,15538.214285714286,13.0,967.0714285714286,0.5,0.005928571428571428,0.5,1284.2857142857142,1373.0714285714287,0.5,0.005928571428571428,88.78571428571429,0.0,0.0,0.0,0.0,0.0,0.0,0.0,0.0,88.78571428571429,6.0,4.928571428571429,1284.2857142857142,3.4285714285714284,433.4642857142857,56.23571428571429,0.5,0.0,0.0,0.0,0.0,0.0,0.0,0.0,0.0,0.0,0.0,88.78571428571429,0.5,1284.2857142857142,433.4642857142857,56.23571428571429,113.14285714285714,88.78571428571429,88.78571428571429,0.005171428571428572,0.0,0.5
34785,back,3-55-80,3.0,55.0,88.71428571428571,18578.428571428572,80.0,1463.142857142857,0.8571428571428571,0.009678571428571429,0.8571428571428571,12447.57142857143,12624.714285714286,0.7857142857142857,0.009064285714285716,177.14285714285714,1799.9285714285713,1818.857142857143,0.07142857142857142,0.0006142857142857142,0.0,0.0,0.0,0.0,177.14285714285714,50.642857142857146,44.857142857142854,12447.57142857143,37.785714285714285,294.5,348.4857142857142,0.5714285714285714,18.928571428571427,0.14285714285714285,1799.9285714285713,25.75714285714286,33.378571428571426,0.0,0.0,0.0,0.0,0.0,180.78571428571428,0.8571428571428571,12497.57142857143,293.4214285714285,348.90714285714284,192.85714285714286,177.14285714285714,196.07142857142858,0.01077142857142857,62.857142857142854,0.42857142857142855
36425,back,3-73-22,3.0,73.0,76.14285714285714,16016.5,22.0,1661.297857142857,1.0714285714285714,0.014957142857142855,1.0714285714285714,3633.3571428571427,3828.0,0.8571428571428571,0.012407142857142856,194.64285714285714,1015.0,1045.357142857143,0.14285714285714285,0.0016285714285714287,508.14285714285717,514.7142857142857,0.07142857142857142,0.0009142857142857144,194.64285714285714,16.0,13.857142857142858,3633.3571428571427,10.214285714285714,354.10714285714283,146.30714285714288,0.7142857142857143,30.357142857142858,0.2857142857142857,1015.0,57.57857142857142,27.52142857142857,6.571428571428571,0.21428571428571427,508.14285714285717,29.285714285714285,14.078571428571427,195.07142857142858,1.0714285714285714,4140.357142857143,351.0357142857143,150.70000000000002,226.78571428571428,194.64285714285714,231.57142857142858,0.01615714285714286,31.214285714285715,0.2857142857142857
38099,advantage,3-90-67,3.0,90.0,92.78571428571429,19541.14285714286,67.0,1577.3692857142855,1.2857142857142858,0.014464285714285713,1.0,12687.142857142857,12975.142857142857,1.2142857142857142,0.013614285714285714,281.7857142857143,1122.5714285714287,1137.5,0.07142857142857142,0.0008500000000000001,0.0,0.0,0.0,0.0,227.14285714285714,51.92857142857143,44.5,12687.142857142857,36.285714285714285,708.1999999999998,354.22142857142853,0.7857142857142857,47.285714285714285,0.35714285714285715,4903.5,227.82857142857145,104.92857142857143,22.285714285714285,0.07142857142857142,1159.5,53.83571428571429,26.585714285714285,201.64285714285714,1.0,12893.42857142857,714.6214285714285,352.5071428571428,288.14285714285717,281.7857142857143,296.7142857142857,0.01535714285714286,54.07142857142857,0.21428571428571427
39164,vent,3-102-28,3.0,102.0,82.28571428571429,17608.785714285714,28.0,1703.1192857142855,1.3571428571428572,0.016499999999999997,1.3571428571428572,5460.357142857143,5675.142857142857,0.9285714285714286,0.011528571428571428,214.78571428571428,2401.9285714285716,2481.8571428571427,0.35714285714285715,0.004207142857142857,569.9285714285714,586.9285714285714,0.07142857142857142,0.0007714285714285715,214.78571428571428,22.0,19.5,5460.357142857143,15.928571428571429,666.157142857143,169.04285714285714,0.7142857142857143,79.92857142857143,0.7142857142857143,2401.9285714285716,255.66428571428574,63.30714285714286,17.0,0.21428571428571427,569.9285714285714,51.49285714285714,12.071428571428571,222.14285714285714,1.3571428571428572,5949.714285714285,668.5642857142857,167.45714285714286,270.2142857142857,232.35714285714286,311.7142857142857,0.016821428571428574,45.857142857142854,0.2857142857142857
39608,leave,3-106-69,3.0,106.0,74.92857142857143,15587.5,69.0,1068.25,0.9285714285714286,0.011892857142857144,0.7857142857142857,9485.214285714286,9640.285714285714,0.7857142857142857,0.010328571428571428,152.64285714285714,2494.9285714285716,2520.4285714285716,0.14285714285714285,0.0015714285714285713,0.0,0.0,0.0,0.0,123.42857142857143,39.357142857142854,35.214285714285715,9485.214285714286,29.285714285714285,326.5142857142857,285.04285714285714,0.5714285714285714,54.714285714285715,0.42857142857142855,5161.857142857143,145.41428571428574,126.11428571428571,0.0,0.0,0.0,0.0,0.0,123.71428571428571,0.7857142857142857,9658.357142857143,327.7714285714286,284.9642857142857,194.35714285714286,152.64285714285714,178.14285714285714,0.011414285714285714,0.0,0.42857142857142855
43536,place,4-5-13,4.0,5.0,81.61538461538461,16977.384615384617,13.0,1930.4615384615386,0.9230769230769231,0.011746153846153847,0.9230769230769231,1636.6923076923076,1845.8461538461538,0.9230769230769231,0.011746153846153847,209.15384615384616,0.0,0.0,0.0,0.0,0.0,0.0,0.0,0.0,209.15384615384616,7.846153846153846,7.3076923076923075,1636.6923076923076,5.6923076923076925,715.6076923076923,101.3153846153846,0.9230769230769231,0.0,0.0,0.0,0.0,0.0,0.0,0.0,0.0,0.0,0.0,209.15384615384616,0.9230769230769231,1636.6923076923076,715.6076923076923,101.3153846153846,221.46153846153845,209.15384615384616,209.15384615384616,0.01259230769230769,95.3076923076923,0.07692307692307693
45481,charge,4-25-30,4.0,25.0,80.92307692307692,16208.923076923076,30.0,1151.9615384615386,0.8461538461538461,0.010961538461538464,0.7692307692307693,4165.384615384615,4343.0,0.7692307692307693,0.009607692307692308,176.46153846153845,472.61538461538464,486.53846153846155,0.07692307692307693,0.0013461538461538463,0.0,0.0,0.0,0.0,164.92307692307693,17.53846153846154,15.846153846153847,4165.384615384615,13.23076923076923,259.5230769230769,168.26153846153846,0.5384615384615384,25.46153846153846,0.23076923076923078,1006.6923076923077,57.14615384615385,36.15384615384615,0.0,0.0,0.0,0.0,0.0,157.6153846153846,0.7692307692307693,4231.0,256.9923076923077,168.50769230769234,387.0769230769231,190.3846153846154,190.3846153846154,0.011684615384615385,20.53846153846154,0.46153846153846156
46709,vent,4-38-53,4.0,38.0,75.3076923076923,15741.538461538461,53.0,1570.1153846153845,1.3076923076923077,0.018115384615384617,1.3076923076923077,10785.153846153846,11010.538461538461,1.0,0.013784615384615385,225.3846153846154,3539.0,3624.846153846154,0.3076923076923077,0.004346153846153846,0.0,0.0,0.0,0.0,225.3846153846154,45.15384615384615,37.84615384615385,10785.153846153846,32.53846153846154,819.5307692307694,310.32307692307694,0.7692307692307693,85.84615384615384,0.6153846153846154,3539.0,254.95384615384611,96.33846153846153,0.0,0.0,0.0,0.0,0.0,248.76923076923077,1.3076923076923077,11185.384615384615,822.6923076923077,314.7846153846154,360.2307692307692,247.84615384615384,311.2307692307692,0.021030769230769228,68.53846153846153,0.23076923076923078
47380,place,4-45-89,4.0,45.0,82.38461538461539,17377.615384615383,89.0,1197.7692307692307,0.8461538461538461,0.010584615384615385,0.8461538461538461,13493.0,13660.538461538461,0.8461538461538461,0.010584615384615385,167.53846153846155,0.0,0.0,0.0,0.0,0.0,0.0,0.0,0.0,167.53846153846155,54.53846153846154,48.76923076923077,13493.0,42.38461538461539,109.21538461538461,440.8384615384615,0.23076923076923078,0.0,0.0,0.0,0.0,0.0,0.0,0.0,0.0,0.0,0.0,167.53846153846155,0.8461538461538461,13493.0,109.21538461538461,440.8384615384615,167.53846153846155,167.53846153846155,167.53846153846155,0.010084615384615385,18.153846153846153,0.7692307692307693
47806,value,4-49-102,4.0,49.0,94.76923076923077,19778.46153846154,102.0,934.2369230769231,1.2307692307692308,0.013730769230769232,1.1538461538461537,14611.076923076924,14816.461538461539,0.6923076923076923,0.007907692307692308,205.3846153846154,5023.0,5080.2307692307695,0.3076923076923077,0.0034307692307692307,3794.3846153846152,3828.230769230769,0.15384615384615385,0.001623076923076923,205.3846153846154,59.38461538461539,51.38461538461539,14611.076923076924,44.38461538461539,501.5692307692308,396.78461538461545,0.5384615384615384,44.53846153846154,0.46153846153846156,5023.0,171.0153846153846,132.77692307692308,45.46153846153846,0.6153846153846154,5332.307692307692,163.6769230769231,132.65384615384616,188.46153846153845,1.1538461538461537,15107.153846153846,499.2000000000001,397.2307692307692,289.0769230769231,222.6153846153846,312.7692307692308,0.016176923076923075,28.153846153846153,0.46153846153846156
50081,place,4-75-83,4.0,75.0,67.84615384615384,14157.846153846154,83.0,1256.6153846153845,1.4615384615384615,0.020584615384615385,1.2307692307692308,12447.615384615385,12718.538461538461,1.0769230769230769,0.015453846153846155,266.9230769230769,5309.461538461538,5387.307692307692,0.3076923076923077,0.004246153846153846,1604.3846153846155,1619.923076923077,0.07692307692307693,0.0008846153846153846,223.07692307692307,50.53846153846154,44.92307692307692,12447.615384615385,40.15384615384615,490.223076923077,379.75384615384615,0.6153846153846154,73.38461538461539,0.5384615384615384,7104.076923076923,224.93846153846155,172.5,48.30769230769231,0.3076923076923077,2543.153846153846,90.06153846153848,68.1923076923077,177.6153846153846,1.2307692307692308,13263.307692307691,488.65384615384613,379.2538461538461,376.15384615384613,266.9230769230769,360.3076923076923,0.02362307692307692,74.07692307692308,0.38461538461538464
51915,place,4-94-49,4.0,94.0,101.07692307692308,20803.0,49.0,1115.8461538461538,0.6923076923076923,0.007076923076923077,0.6923076923076923,7479.384615384615,7637.7692307692305,0.6923076923076923,0.007076923076923077,158.3846153846154,0.0,0.0,0.0,0.0,0.0,0.0,0.0,0.0,158.3846153846154,31.923076923076923,29.307692307692307,7479.384615384615,22.23076923076923,417.2461538461539,213.26923076923077,0.5384615384615384,0.0,0.0,0.0,0.0,0.0,0.0,0.0,0.0,0.0,0.0,158.3846153846154,0.6923076923076923,7479.384615384615,417.2461538461539,213.26923076923077,170.07692307692307,158.3846153846154,158.3846153846154,0.00816153846153846,0.0,0.46153846153846156
52156,home,4-96-62,4.0,96.0,104.0,22362.46153846154,62.0,1229.076923076923,0.6923076923076923,0.0065923076923076925,0.6923076923076923,11284.461538461539,11457.923076923076,0.6923076923076923,0.0065923076923076925,173.46153846153845,0.0,0.0,0.0,0.0,0.0,0.0,0.0,0.0,173.46153846153845,43.61538461538461,39.0,11284.461538461539,27.76923076923077,213.66153846153844,261.33076923076925,0.46153846153846156,0.0,0.0,0.0,0.0,0.0,0.0,0.0,0.0,0.0,0.0,173.46153846153845,0.6923076923076923,11284.461538461539,213.66153846153844,261.33076923076925,173.46153846153845,173.46153846153845,173.46153846153845,0.007446153846153846,0.0,0.5384615384615384
53321,place,4-110-6,4.0,110.0,88.0,18757.53846153846,6.0,946.5384615384615,0.6923076923076923,0.007946153846153848,0.6153846153846154,681.8461538461538,805.6923076923077,0.6923076923076923,0.007946153846153848,122.07692307692308,0.0,0.0,0.0,0.0,0.0,0.0,0.0,0.0,112.76923076923077,3.4615384615384617,3.076923076923077,681.8461538461538,2.0,234.33076923076922,66.34615384615384,0.6153846153846154,9.307692307692308,0.07692307692307693,155.92307692307693,28.661538461538463,7.392307692307692,0.0,0.0,0.0,0.0,0.0,112.46153846153847,0.6153846153846154,693.2307692307693,232.53846153846155,65.95384615384616,122.07692307692308,122.07692307692308,122.07692307692308,0.006700000000000001,17.23076923076923,0.38461538461538464
53390,home,4-110-75,4.0,110.0,88.0,18757.53846153846,75.0,797.0769230769231,0.6153846153846154,0.00693846153846154,0.5384615384615384,8960.076923076924,9075.0,0.6153846153846154,0.00693846153846154,113.38461538461539,0.0,0.0,0.0,0.0,0.0,0.0,0.0,0.0,87.61538461538461,34.76923076923077,30.384615384615383,8960.076923076924,25.384615384615383,132.53846153846155,240.85384615384615,0.3076923076923077,25.76923076923077,0.07692307692307693,1437.076923076923,17.223076923076924,34.86153846153846,0.0,0.0,0.0,0.0,0.0,105.6923076923077,0.5384615384615384,8969.307692307691,129.55384615384617,241.26923076923075,222.53846153846155,113.38461538461539,113.38461538461539,0.0058923076923076915,17.153846153846153,0.6923076923076923
53736,sight,4-114-37,4.0,114.0,55.69230769230769,11625.692307692309,37.0,1039.7692307692307,0.6153846153846154,0.010761538461538461,0.6153846153846154,4846.846153846154,4978.0,0.6153846153846154,0.010761538461538461,131.15384615384616,0.0,0.0,0.0,0.0,0.0,0.0,0.0,0.0,131.15384615384616,19.846153846153847,17.46153846153846,4846.846153846154,13.615384615384615,213.2076923076923,146.08461538461538,0.6153846153846154,0.0,0.0,0.0,0.0,0.0,0.0,0.0,0.0,0.0,0.0,131.15384615384616,0.6153846153846154,4846.846153846154,213.2076923076923,146.08461538461538,131.15384615384616,131.15384615384616,131.15384615384616,0.010692307692307694,27.923076923076923,0.38461538461538464
